<?xml version="1.0" encoding="UTF-8"?>
<!DOCTYPE suite SYSTEM "http://testng.org/testng-1.0.dtd">
<suite name="Parallel Suite" parallel="tests" thread-count="2">
	<test name="test1">
	<parameter name="gmailuserID" value="admin@fgtsoft.site"/>
		<parameter name="gmailPass" value="Ram@12345"/>
		<parameter name="UserRange" value="0;100"/>
		<classes>
		<class name="com.thed.zapi.cloud.sample.SeleniumAmazonTest">
		</class>
		</classes>
	</test>
	
	<test name="test2">
	<parameter name="gmailuserID" value="khalid@klmtrips.site"/>
		<parameter name="gmailPass" value="Ram@12345"/>
		<parameter name="UserRange" value="101;200"/>
		<classes>
		<class name="com.thed.zapi.cloud.sample.SeleniumAmazonTest">
		<methods>
		<include name="SeleniumAmazonUserTest"/>
		</methods>
		</class>
		</classes>
	</test>
	
</suite>
